-- Family Directory Database Export
-- Generated: 2025-12-20T01:58:09.069Z
-- Mode: Schema + Data

-- ============================================
-- DATABASE SCHEMA
-- ============================================

-- Migration: 001_initial_schema.sql
-- Create extensions
CREATE EXTENSION IF NOT EXISTS "uuid-ossp";

-- Households table
CREATE TABLE IF NOT EXISTS households (
    id UUID PRIMARY KEY DEFAULT uuid_generate_v4(),
    name VARCHAR(255) NOT NULL,
    primary_contact_person_id UUID,
    notes TEXT,
    created_at TIMESTAMP DEFAULT CURRENT_TIMESTAMP,
    updated_at TIMESTAMP DEFAULT CURRENT_TIMESTAMP
);

-- Persons table
CREATE TABLE IF NOT EXISTS persons (
    id UUID PRIMARY KEY DEFAULT uuid_generate_v4(),
    first_name VARCHAR(100) NOT NULL,
    last_name VARCHAR(100) NOT NULL,
    full_name VARCHAR(200),
    email VARCHAR(255) UNIQUE,
    phone VARCHAR(50),
    address_line1 VARCHAR(255),
    address_line2 VARCHAR(255),
    city VARCHAR(100),
    state VARCHAR(100),
    postal_code VARCHAR(20),
    country VARCHAR(100) DEFAULT 'USA',
    date_of_birth DATE,
    age INTEGER,
    wedding_anniversary_date DATE,
    years_married INTEGER,
    generation VARCHAR(10),
    photo_url VARCHAR(500),
    is_deceased BOOLEAN DEFAULT FALSE,
    primary_household_id UUID REFERENCES households(id) ON DELETE SET NULL,
    -- Timestamps for change tracking
    last_modified_at TIMESTAMP,
    phone_last_modified_at TIMESTAMP,
    address_line1_last_modified_at TIMESTAMP,
    address_line2_last_modified_at TIMESTAMP,
    city_last_modified_at TIMESTAMP,
    state_last_modified_at TIMESTAMP,
    postal_code_last_modified_at TIMESTAMP,
    country_last_modified_at TIMESTAMP,
    date_of_birth_last_modified_at TIMESTAMP,
    wedding_anniversary_date_last_modified_at TIMESTAMP,
    photo_url_last_modified_at TIMESTAMP,
    created_at TIMESTAMP DEFAULT CURRENT_TIMESTAMP,
    updated_at TIMESTAMP DEFAULT CURRENT_TIMESTAMP
);

-- Relationships table (parent-child)
CREATE TABLE IF NOT EXISTS relationships (
    id UUID PRIMARY KEY DEFAULT uuid_generate_v4(),
    parent_id UUID NOT NULL REFERENCES persons(id) ON DELETE CASCADE,
    child_id UUID NOT NULL REFERENCES persons(id) ON DELETE CASCADE,
    relationship_type VARCHAR(50) DEFAULT 'biological',
    created_at TIMESTAMP DEFAULT CURRENT_TIMESTAMP,
    UNIQUE(parent_id, child_id)
);

-- Marital relationships table
CREATE TABLE IF NOT EXISTS marital_relationships (
    id UUID PRIMARY KEY DEFAULT uuid_generate_v4(),
    person_a_id UUID NOT NULL REFERENCES persons(id) ON DELETE CASCADE,
    person_b_id UUID NOT NULL REFERENCES persons(id) ON DELETE CASCADE,
    marriage_date DATE,
    divorce_date DATE,
    created_at TIMESTAMP DEFAULT CURRENT_TIMESTAMP,
    updated_at TIMESTAMP DEFAULT CURRENT_TIMESTAMP,
    UNIQUE(person_a_id, person_b_id),
    CHECK (person_a_id != person_b_id)
);

-- Magic link tokens table
CREATE TABLE IF NOT EXISTS magic_link_tokens (
    id UUID PRIMARY KEY DEFAULT uuid_generate_v4(),
    email VARCHAR(255) NOT NULL,
    token VARCHAR(255) NOT NULL UNIQUE,
    expires_at TIMESTAMP NOT NULL,
    used BOOLEAN DEFAULT FALSE,
    created_at TIMESTAMP DEFAULT CURRENT_TIMESTAMP
);

-- Indexes for performance
CREATE INDEX IF NOT EXISTS idx_persons_email ON persons(email);
CREATE INDEX IF NOT EXISTS idx_persons_household ON persons(primary_household_id);
CREATE INDEX IF NOT EXISTS idx_relationships_parent ON relationships(parent_id);
CREATE INDEX IF NOT EXISTS idx_relationships_child ON relationships(child_id);
CREATE INDEX IF NOT EXISTS idx_marital_person_a ON marital_relationships(person_a_id);
CREATE INDEX IF NOT EXISTS idx_marital_person_b ON marital_relationships(person_b_id);
CREATE INDEX IF NOT EXISTS idx_magic_tokens_token ON magic_link_tokens(token);
CREATE INDEX IF NOT EXISTS idx_magic_tokens_email ON magic_link_tokens(email);

-- Foreign key for households primary_contact_person_id
ALTER TABLE households 
ADD CONSTRAINT fk_households_primary_contact 
FOREIGN KEY (primary_contact_person_id) 
REFERENCES persons(id) ON DELETE SET NULL;

-- Function to update updated_at timestamp
CREATE OR REPLACE FUNCTION update_updated_at_column()
RETURNS TRIGGER AS $$
BEGIN
    NEW.updated_at = CURRENT_TIMESTAMP;
    RETURN NEW;
END;
$$ language 'plpgsql';

-- Triggers for updated_at
CREATE TRIGGER update_persons_updated_at BEFORE UPDATE ON persons
    FOR EACH ROW EXECUTE FUNCTION update_updated_at_column();

CREATE TRIGGER update_households_updated_at BEFORE UPDATE ON households
    FOR EACH ROW EXECUTE FUNCTION update_updated_at_column();

CREATE TRIGGER update_marital_relationships_updated_at BEFORE UPDATE ON marital_relationships
    FOR EACH ROW EXECUTE FUNCTION update_updated_at_column();





-- Migration: 002_add_admin_field.sql
-- Add is_admin field to persons table
ALTER TABLE persons ADD COLUMN IF NOT EXISTS is_admin BOOLEAN DEFAULT FALSE;

-- Create index for admin lookups
CREATE INDEX IF NOT EXISTS idx_persons_is_admin ON persons(is_admin) WHERE is_admin = TRUE;





-- Migration: 003_add_user_preferences.sql
-- Add user preferences table for storing display filter preferences
CREATE TABLE IF NOT EXISTS user_preferences (
    id UUID PRIMARY KEY DEFAULT uuid_generate_v4(),
    user_id UUID NOT NULL REFERENCES persons(id) ON DELETE CASCADE,
    preference_key VARCHAR(100) NOT NULL,
    preference_value TEXT,
    created_at TIMESTAMP DEFAULT CURRENT_TIMESTAMP,
    updated_at TIMESTAMP DEFAULT CURRENT_TIMESTAMP,
    UNIQUE(user_id, preference_key)
);

-- Create index for faster lookups
CREATE INDEX IF NOT EXISTS idx_user_preferences_user_id ON user_preferences(user_id);
CREATE INDEX IF NOT EXISTS idx_user_preferences_key ON user_preferences(preference_key);





-- ============================================
-- DATABASE DATA
-- ============================================

-- Data for table: persons
TRUNCATE TABLE persons CASCADE;

INSERT INTO persons (id, first_name, last_name, full_name, email, phone, address_line1, address_line2, city, state, postal_code, country, date_of_birth, age, wedding_anniversary_date, years_married, generation, photo_url, is_deceased, primary_household_id, last_modified_at, phone_last_modified_at, address_line1_last_modified_at, address_line2_last_modified_at, city_last_modified_at, state_last_modified_at, postal_code_last_modified_at, country_last_modified_at, date_of_birth_last_modified_at, wedding_anniversary_date_last_modified_at, photo_url_last_modified_at, created_at, updated_at, is_admin, privacy_settings) VALUES ('94ed9f49-db52-4edc-a7ce-0bd6bd5fd0d8', 'Alexsis', 'Neuman', 'Alexsis Neuman', 'allie_neuman@hotmail.com', '702-813-6218', '252 Concho Dr.', NULL, 'Henderson', 'NV', '89015', 'USA', '1991-10-21T06:00:00.000Z', 34, NULL, NULL, 'G3', NULL, FALSE, '6b423d57-d220-4a73-859b-554e088817f3', '2025-12-19T22:17:12.924Z', NULL, NULL, NULL, NULL, NULL, NULL, NULL, NULL, NULL, NULL, '2025-12-19T05:27:47.868Z', '2025-12-19T22:17:12.925Z', FALSE, [object Object]);
INSERT INTO persons (id, first_name, last_name, full_name, email, phone, address_line1, address_line2, city, state, postal_code, country, date_of_birth, age, wedding_anniversary_date, years_married, generation, photo_url, is_deceased, primary_household_id, last_modified_at, phone_last_modified_at, address_line1_last_modified_at, address_line2_last_modified_at, city_last_modified_at, state_last_modified_at, postal_code_last_modified_at, country_last_modified_at, date_of_birth_last_modified_at, wedding_anniversary_date_last_modified_at, photo_url_last_modified_at, created_at, updated_at, is_admin, privacy_settings) VALUES ('501612da-af22-41ad-8d9c-3eca1fa1f0b8', 'Lisa', 'Neuman', 'Lisa Neuman', NULL, '(725) 242-7880', '252 Concho Dr.', NULL, 'Henderson', 'NV', '89015', 'USA', NULL, NULL, NULL, NULL, 'G2', NULL, FALSE, '6b423d57-d220-4a73-859b-554e088817f3', '2025-12-19T22:17:12.929Z', NULL, '2025-12-19T22:17:12.929Z', '2025-12-19T22:17:12.929Z', '2025-12-19T22:17:12.929Z', '2025-12-19T22:17:12.929Z', '2025-12-19T22:17:12.929Z', '2025-12-19T22:17:12.929Z', NULL, NULL, NULL, '2025-12-19T05:27:47.909Z', '2025-12-19T22:17:12.930Z', FALSE, [object Object]);
INSERT INTO persons (id, first_name, last_name, full_name, email, phone, address_line1, address_line2, city, state, postal_code, country, date_of_birth, age, wedding_anniversary_date, years_married, generation, photo_url, is_deceased, primary_household_id, last_modified_at, phone_last_modified_at, address_line1_last_modified_at, address_line2_last_modified_at, city_last_modified_at, state_last_modified_at, postal_code_last_modified_at, country_last_modified_at, date_of_birth_last_modified_at, wedding_anniversary_date_last_modified_at, photo_url_last_modified_at, created_at, updated_at, is_admin, privacy_settings) VALUES ('15da8920-5afa-495f-b090-8e0a4b4e64e1', 'Carla', 'Neuman', 'Carla Neuman', 'Karmaondeck702@gmail.com', '702-908-3203', '423 E 400 S', '', 'St George', 'UT', '84770', 'USA', '1970-01-09T07:00:00.000Z', 55, NULL, NULL, 'G2', '', FALSE, 'ab9ad735-ff53-4e8e-9648-96093ae72c70', '2025-12-19T22:38:05.043Z', '2025-12-19T22:38:05.043Z', '2025-12-19T22:38:05.043Z', '2025-12-19T22:38:05.043Z', '2025-12-19T22:38:05.043Z', '2025-12-19T22:38:05.043Z', '2025-12-19T22:38:05.043Z', '2025-12-19T22:38:05.043Z', '2025-12-19T22:38:05.043Z', '2025-12-19T22:38:05.043Z', '2025-12-19T22:38:05.043Z', '2025-12-19T05:27:47.911Z', '2025-12-19T22:38:05.043Z', FALSE, [object Object]);
INSERT INTO persons (id, first_name, last_name, full_name, email, phone, address_line1, address_line2, city, state, postal_code, country, date_of_birth, age, wedding_anniversary_date, years_married, generation, photo_url, is_deceased, primary_household_id, last_modified_at, phone_last_modified_at, address_line1_last_modified_at, address_line2_last_modified_at, city_last_modified_at, state_last_modified_at, postal_code_last_modified_at, country_last_modified_at, date_of_birth_last_modified_at, wedding_anniversary_date_last_modified_at, photo_url_last_modified_at, created_at, updated_at, is_admin, privacy_settings) VALUES ('5614f17d-9ae9-4b1f-a66b-12b16d694874', 'Donna', 'Hollingsworth', 'Donna Hollingsworth', 'truelyhopeful@gmail.com', '702-241-3009', '238 Concho Dr.', NULL, 'Henderson', 'NV', '89015', 'USA', '1968-01-04T07:00:00.000Z', 57, '1987-09-12T06:00:00.000Z', 38, 'G2', NULL, FALSE, '7cecddde-dc34-4311-a550-75b9a9550988', '2025-12-19T14:01:48.434Z', NULL, NULL, NULL, NULL, NULL, NULL, NULL, NULL, NULL, NULL, '2025-12-19T05:27:47.856Z', '2025-12-19T14:01:48.435Z', FALSE, [object Object]);
INSERT INTO persons (id, first_name, last_name, full_name, email, phone, address_line1, address_line2, city, state, postal_code, country, date_of_birth, age, wedding_anniversary_date, years_married, generation, photo_url, is_deceased, primary_household_id, last_modified_at, phone_last_modified_at, address_line1_last_modified_at, address_line2_last_modified_at, city_last_modified_at, state_last_modified_at, postal_code_last_modified_at, country_last_modified_at, date_of_birth_last_modified_at, wedding_anniversary_date_last_modified_at, photo_url_last_modified_at, created_at, updated_at, is_admin, privacy_settings) VALUES ('272fe9b7-c6ea-4256-b35e-6e7372517310', 'Sandi', 'Neuman', 'Sandi Neuman', 'cageqt@aol.com', '702-376-8689', '7805 Strong Water Ct.
', NULL, 'Las Vegas', 'NV', '89131', 'USA', '1966-04-14T07:00:00.000Z', 59, NULL, NULL, 'G2', NULL, FALSE, NULL, NULL, NULL, NULL, NULL, NULL, NULL, NULL, NULL, NULL, NULL, NULL, '2025-12-19T05:27:47.851Z', '2025-12-19T06:23:58.606Z', FALSE, [object Object]);
INSERT INTO persons (id, first_name, last_name, full_name, email, phone, address_line1, address_line2, city, state, postal_code, country, date_of_birth, age, wedding_anniversary_date, years_married, generation, photo_url, is_deceased, primary_household_id, last_modified_at, phone_last_modified_at, address_line1_last_modified_at, address_line2_last_modified_at, city_last_modified_at, state_last_modified_at, postal_code_last_modified_at, country_last_modified_at, date_of_birth_last_modified_at, wedding_anniversary_date_last_modified_at, photo_url_last_modified_at, created_at, updated_at, is_admin, privacy_settings) VALUES ('0bec237a-17d9-498d-9519-c857904fcb6c', 'Kendal', 'Hollingsworth', 'Kendal Hollingsworth', 'kendal46@yahoo.com', '702-241-3010', '238 Concho Dr.', NULL, 'Henderson', 'NV', '89015', 'USA', '1962-03-30T07:00:00.000Z', 63, '1987-09-12T06:00:00.000Z', 38, 'G2', NULL, FALSE, '7cecddde-dc34-4311-a550-75b9a9550988', '2025-12-19T14:01:48.438Z', NULL, '2025-12-19T14:01:48.438Z', '2025-12-19T14:01:48.438Z', '2025-12-19T14:01:48.438Z', '2025-12-19T14:01:48.438Z', '2025-12-19T14:01:48.438Z', '2025-12-19T14:01:48.438Z', NULL, NULL, NULL, '2025-12-19T05:27:47.847Z', '2025-12-19T14:01:48.439Z', FALSE, [object Object]);
INSERT INTO persons (id, first_name, last_name, full_name, email, phone, address_line1, address_line2, city, state, postal_code, country, date_of_birth, age, wedding_anniversary_date, years_married, generation, photo_url, is_deceased, primary_household_id, last_modified_at, phone_last_modified_at, address_line1_last_modified_at, address_line2_last_modified_at, city_last_modified_at, state_last_modified_at, postal_code_last_modified_at, country_last_modified_at, date_of_birth_last_modified_at, wedding_anniversary_date_last_modified_at, photo_url_last_modified_at, created_at, updated_at, is_admin, privacy_settings) VALUES ('9b257b84-94a0-427d-8265-200255c1a1fb', 'David', 'Neuman', 'David Neuman', 'rdavidn@cox.net', '702-308-4065', NULL, NULL, NULL, NULL, NULL, 'USA', '1963-12-09T07:00:00.000Z', 62, '2004-06-08T06:00:00.000Z', 21, 'G2', NULL, FALSE, 'e151253c-f848-419f-8c4b-6d4aa4cdd1ef', '2025-12-19T14:07:45.822Z', NULL, NULL, NULL, NULL, NULL, NULL, NULL, NULL, NULL, NULL, '2025-12-19T05:27:47.849Z', '2025-12-19T14:07:45.823Z', FALSE, [object Object]);
INSERT INTO persons (id, first_name, last_name, full_name, email, phone, address_line1, address_line2, city, state, postal_code, country, date_of_birth, age, wedding_anniversary_date, years_married, generation, photo_url, is_deceased, primary_household_id, last_modified_at, phone_last_modified_at, address_line1_last_modified_at, address_line2_last_modified_at, city_last_modified_at, state_last_modified_at, postal_code_last_modified_at, country_last_modified_at, date_of_birth_last_modified_at, wedding_anniversary_date_last_modified_at, photo_url_last_modified_at, created_at, updated_at, is_admin, privacy_settings) VALUES ('be09be94-7f1e-4067-9e1c-49f913080b6a', 'Sariah', 'Neuman', 'Sariah Neuman', 'sariah39@gmail.com', '702-606-0413', '?', NULL, NULL, NULL, NULL, 'USA', '1991-01-19T07:00:00.000Z', 34, NULL, NULL, 'G3', NULL, FALSE, NULL, NULL, NULL, NULL, NULL, NULL, NULL, NULL, NULL, NULL, NULL, NULL, '2025-12-19T05:27:47.866Z', '2025-12-19T06:23:58.606Z', FALSE, [object Object]);
INSERT INTO persons (id, first_name, last_name, full_name, email, phone, address_line1, address_line2, city, state, postal_code, country, date_of_birth, age, wedding_anniversary_date, years_married, generation, photo_url, is_deceased, primary_household_id, last_modified_at, phone_last_modified_at, address_line1_last_modified_at, address_line2_last_modified_at, city_last_modified_at, state_last_modified_at, postal_code_last_modified_at, country_last_modified_at, date_of_birth_last_modified_at, wedding_anniversary_date_last_modified_at, photo_url_last_modified_at, created_at, updated_at, is_admin, privacy_settings) VALUES ('8722546d-18e7-420e-b9d6-f78e39b455e5', 'Alene', 'Neuman', 'Alene Neuman', NULL, '702-308-4304', NULL, NULL, NULL, NULL, NULL, 'USA', '1972-11-19T07:00:00.000Z', 53, '2004-06-08T06:00:00.000Z', 21, 'G2', NULL, FALSE, 'e151253c-f848-419f-8c4b-6d4aa4cdd1ef', '2025-12-19T14:07:45.826Z', NULL, '2025-12-19T14:07:45.826Z', '2025-12-19T14:07:45.826Z', '2025-12-19T14:07:45.826Z', '2025-12-19T14:07:45.826Z', '2025-12-19T14:07:45.826Z', '2025-12-19T14:07:45.826Z', NULL, NULL, NULL, '2025-12-19T05:27:47.860Z', '2025-12-19T14:07:45.827Z', FALSE, [object Object]);
INSERT INTO persons (id, first_name, last_name, full_name, email, phone, address_line1, address_line2, city, state, postal_code, country, date_of_birth, age, wedding_anniversary_date, years_married, generation, photo_url, is_deceased, primary_household_id, last_modified_at, phone_last_modified_at, address_line1_last_modified_at, address_line2_last_modified_at, city_last_modified_at, state_last_modified_at, postal_code_last_modified_at, country_last_modified_at, date_of_birth_last_modified_at, wedding_anniversary_date_last_modified_at, photo_url_last_modified_at, created_at, updated_at, is_admin, privacy_settings) VALUES ('a27d0896-df60-4290-afd3-7561ba354bf6', 'Lorelei', 'Neuman', 'Lorelei Neuman', 'Lorelei@GiddyDigs.com', '435-215-9618', '220 W 500 N', NULL, 'St George', 'UT', '84770', 'USA', '1976-05-20T06:00:00.000Z', 49, '2012-09-07T06:00:00.000Z', 13, 'G2', NULL, FALSE, 'b127264b-b889-48cc-995a-07d46a3c1843', '2025-12-19T18:24:42.809Z', NULL, '2025-12-19T18:24:42.809Z', '2025-12-19T18:24:42.809Z', '2025-12-19T18:24:42.809Z', '2025-12-19T18:24:42.809Z', '2025-12-19T18:24:42.809Z', '2025-12-19T18:24:42.809Z', NULL, NULL, NULL, '2025-12-19T05:27:47.862Z', '2025-12-19T18:24:42.810Z', FALSE, [object Object]);
INSERT INTO persons (id, first_name, last_name, full_name, email, phone, address_line1, address_line2, city, state, postal_code, country, date_of_birth, age, wedding_anniversary_date, years_married, generation, photo_url, is_deceased, primary_household_id, last_modified_at, phone_last_modified_at, address_line1_last_modified_at, address_line2_last_modified_at, city_last_modified_at, state_last_modified_at, postal_code_last_modified_at, country_last_modified_at, date_of_birth_last_modified_at, wedding_anniversary_date_last_modified_at, photo_url_last_modified_at, created_at, updated_at, is_admin, privacy_settings) VALUES ('f73109d0-ad7a-4dc8-99aa-dfb6cd27ce22', 'Tom', 'Neuman', 'Tom Neuman', 'neuman130@gmail.com', '702-882-6119', '248 Tonalea Ave.', NULL, 'Henderson', 'NV', '89015', 'USA', '1970-09-22T06:00:00.000Z', 55, NULL, NULL, 'G2', NULL, FALSE, 'a27a14ea-13cd-4eb6-9ddc-b15609e025bf', '2025-12-19T22:01:27.701Z', NULL, NULL, NULL, NULL, NULL, NULL, NULL, NULL, NULL, NULL, '2025-12-19T05:27:47.858Z', '2025-12-19T22:01:27.702Z', FALSE, [object Object]);
INSERT INTO persons (id, first_name, last_name, full_name, email, phone, address_line1, address_line2, city, state, postal_code, country, date_of_birth, age, wedding_anniversary_date, years_married, generation, photo_url, is_deceased, primary_household_id, last_modified_at, phone_last_modified_at, address_line1_last_modified_at, address_line2_last_modified_at, city_last_modified_at, state_last_modified_at, postal_code_last_modified_at, country_last_modified_at, date_of_birth_last_modified_at, wedding_anniversary_date_last_modified_at, photo_url_last_modified_at, created_at, updated_at, is_admin, privacy_settings) VALUES ('771ae290-d7ae-403c-9529-3785b7edacf4', 'Lilah', 'Neuman', 'Lilah Neuman', 'lilahdeaneart@gmail.com', '760-422-9259', '220 W 500 N', NULL, 'St George', 'UT', '84770', 'USA', '1992-11-04T07:00:00.000Z', 33, NULL, NULL, 'G3', NULL, FALSE, NULL, NULL, NULL, NULL, NULL, NULL, NULL, NULL, NULL, NULL, NULL, NULL, '2025-12-19T05:27:47.872Z', '2025-12-19T06:23:58.606Z', FALSE, [object Object]);
INSERT INTO persons (id, first_name, last_name, full_name, email, phone, address_line1, address_line2, city, state, postal_code, country, date_of_birth, age, wedding_anniversary_date, years_married, generation, photo_url, is_deceased, primary_household_id, last_modified_at, phone_last_modified_at, address_line1_last_modified_at, address_line2_last_modified_at, city_last_modified_at, state_last_modified_at, postal_code_last_modified_at, country_last_modified_at, date_of_birth_last_modified_at, wedding_anniversary_date_last_modified_at, photo_url_last_modified_at, created_at, updated_at, is_admin, privacy_settings) VALUES ('0c8ef2ca-55d3-49f6-ba61-cbdc1780b8ec', 'Maunty', 'Collins', 'Maunty Collins', 'm1c2c3@aol.com', '210-383-7716', '240 Concho Dr.', NULL, 'Henderson', 'NV', '89015', 'USA', '1942-11-30T06:00:00.000Z', 83, '2015-01-17T07:00:00.000Z', 10, 'G1', '/uploads/mon-1766182064647-653421456.jpg', FALSE, 'ef27358c-ea85-49d7-9492-baa30ba935c9', '2025-12-19T22:07:50.760Z', '2025-12-19T22:07:50.760Z', '2025-12-19T19:48:41.007Z', '2025-12-19T19:48:41.007Z', '2025-12-19T19:48:41.007Z', '2025-12-19T19:48:41.007Z', '2025-12-19T19:48:41.007Z', '2025-12-19T19:48:41.007Z', '2025-12-19T22:07:50.760Z', '2025-12-19T22:07:50.760Z', '2025-12-19T22:07:50.760Z', '2025-12-19T05:27:47.833Z', '2025-12-19T22:07:50.761Z', FALSE, [object Object]);
INSERT INTO persons (id, first_name, last_name, full_name, email, phone, address_line1, address_line2, city, state, postal_code, country, date_of_birth, age, wedding_anniversary_date, years_married, generation, photo_url, is_deceased, primary_household_id, last_modified_at, phone_last_modified_at, address_line1_last_modified_at, address_line2_last_modified_at, city_last_modified_at, state_last_modified_at, postal_code_last_modified_at, country_last_modified_at, date_of_birth_last_modified_at, wedding_anniversary_date_last_modified_at, photo_url_last_modified_at, created_at, updated_at, is_admin, privacy_settings) VALUES ('fc405473-9ca5-4931-a004-95ebceae9208', 'Donovan', 'Harrison', 'Donovan Harrison', NULL, NULL, '252 Concho Dr.', NULL, 'Henderson', 'NV', '89015', 'USA', '1993-07-19T06:00:00.000Z', 32, NULL, NULL, 'G3', NULL, FALSE, '6b423d57-d220-4a73-859b-554e088817f3', '2025-12-19T22:17:12.926Z', NULL, '2025-12-19T22:17:12.926Z', '2025-12-19T22:17:12.926Z', '2025-12-19T22:17:12.926Z', '2025-12-19T22:17:12.926Z', '2025-12-19T22:17:12.926Z', '2025-12-19T22:17:12.926Z', NULL, NULL, NULL, '2025-12-19T05:27:47.876Z', '2025-12-19T22:17:12.928Z', FALSE, [object Object]);
INSERT INTO persons (id, first_name, last_name, full_name, email, phone, address_line1, address_line2, city, state, postal_code, country, date_of_birth, age, wedding_anniversary_date, years_married, generation, photo_url, is_deceased, primary_household_id, last_modified_at, phone_last_modified_at, address_line1_last_modified_at, address_line2_last_modified_at, city_last_modified_at, state_last_modified_at, postal_code_last_modified_at, country_last_modified_at, date_of_birth_last_modified_at, wedding_anniversary_date_last_modified_at, photo_url_last_modified_at, created_at, updated_at, is_admin, privacy_settings) VALUES ('8b7ccad6-2510-4347-847d-f8a432af65ec', 'Lana', 'Harrison', 'Lana Harrison', NULL, NULL, '252 Concho Dr.', NULL, 'Henderson', 'NV', '89015', 'USA', '2019-06-10T06:00:00.000Z', 6, NULL, NULL, 'G4', NULL, FALSE, '6b423d57-d220-4a73-859b-554e088817f3', '2025-12-19T22:17:12.928Z', NULL, '2025-12-19T22:17:12.928Z', '2025-12-19T22:17:12.928Z', '2025-12-19T22:17:12.928Z', '2025-12-19T22:17:12.928Z', '2025-12-19T22:17:12.928Z', '2025-12-19T22:17:12.928Z', NULL, NULL, NULL, '2025-12-19T05:27:47.897Z', '2025-12-19T22:17:12.929Z', FALSE, [object Object]);
INSERT INTO persons (id, first_name, last_name, full_name, email, phone, address_line1, address_line2, city, state, postal_code, country, date_of_birth, age, wedding_anniversary_date, years_married, generation, photo_url, is_deceased, primary_household_id, last_modified_at, phone_last_modified_at, address_line1_last_modified_at, address_line2_last_modified_at, city_last_modified_at, state_last_modified_at, postal_code_last_modified_at, country_last_modified_at, date_of_birth_last_modified_at, wedding_anniversary_date_last_modified_at, photo_url_last_modified_at, created_at, updated_at, is_admin, privacy_settings) VALUES ('b4c53372-a5aa-4a13-9171-246e8b2edd31', 'Noah', 'Neuman', 'Noah Neuman', 'noneuman@yahoo.com', '435-251-0980', '220 W 500 N', NULL, 'St George', 'UT', '84770', 'USA', '1994-10-09T06:00:00.000Z', 31, NULL, NULL, 'G3', NULL, FALSE, NULL, NULL, NULL, NULL, NULL, NULL, NULL, NULL, NULL, NULL, NULL, NULL, '2025-12-19T05:27:47.882Z', '2025-12-19T06:23:58.606Z', FALSE, [object Object]);
INSERT INTO persons (id, first_name, last_name, full_name, email, phone, address_line1, address_line2, city, state, postal_code, country, date_of_birth, age, wedding_anniversary_date, years_married, generation, photo_url, is_deceased, primary_household_id, last_modified_at, phone_last_modified_at, address_line1_last_modified_at, address_line2_last_modified_at, city_last_modified_at, state_last_modified_at, postal_code_last_modified_at, country_last_modified_at, date_of_birth_last_modified_at, wedding_anniversary_date_last_modified_at, photo_url_last_modified_at, created_at, updated_at, is_admin, privacy_settings) VALUES ('e972d1bb-c642-48eb-a58a-1f1a716f0d5c', 'Simon', 'Neuman', 'Simon Neuman', 'simonneuman420@gmail.com', '385-707-7555', NULL, NULL, NULL, NULL, NULL, 'USA', '1996-08-14T06:00:00.000Z', 29, NULL, NULL, 'G3', NULL, FALSE, 'ab9ad735-ff53-4e8e-9648-96093ae72c70', '2025-12-19T22:24:10.404Z', NULL, '2025-12-19T22:24:10.404Z', '2025-12-19T22:24:10.404Z', '2025-12-19T22:24:10.404Z', '2025-12-19T22:24:10.404Z', '2025-12-19T22:24:10.404Z', '2025-12-19T22:24:10.404Z', NULL, NULL, NULL, '2025-12-19T05:27:47.885Z', '2025-12-19T22:24:10.404Z', FALSE, [object Object]);
INSERT INTO persons (id, first_name, last_name, full_name, email, phone, address_line1, address_line2, city, state, postal_code, country, date_of_birth, age, wedding_anniversary_date, years_married, generation, photo_url, is_deceased, primary_household_id, last_modified_at, phone_last_modified_at, address_line1_last_modified_at, address_line2_last_modified_at, city_last_modified_at, state_last_modified_at, postal_code_last_modified_at, country_last_modified_at, date_of_birth_last_modified_at, wedding_anniversary_date_last_modified_at, photo_url_last_modified_at, created_at, updated_at, is_admin, privacy_settings) VALUES ('14884c89-f2a5-4a96-ae19-77c6a3ce5121', 'Oliver', 'Neuman', 'Oliver Neuman', NULL, NULL, NULL, NULL, NULL, NULL, NULL, 'USA', '2019-09-05T06:00:00.000Z', 6, NULL, NULL, 'G4', NULL, FALSE, 'ab9ad735-ff53-4e8e-9648-96093ae72c70', '2025-12-19T22:24:10.405Z', NULL, '2025-12-19T22:24:10.405Z', '2025-12-19T22:24:10.405Z', '2025-12-19T22:24:10.405Z', '2025-12-19T22:24:10.405Z', '2025-12-19T22:24:10.405Z', '2025-12-19T22:24:10.405Z', NULL, NULL, NULL, '2025-12-19T05:27:47.899Z', '2025-12-19T22:24:10.405Z', FALSE, [object Object]);
INSERT INTO persons (id, first_name, last_name, full_name, email, phone, address_line1, address_line2, city, state, postal_code, country, date_of_birth, age, wedding_anniversary_date, years_married, generation, photo_url, is_deceased, primary_household_id, last_modified_at, phone_last_modified_at, address_line1_last_modified_at, address_line2_last_modified_at, city_last_modified_at, state_last_modified_at, postal_code_last_modified_at, country_last_modified_at, date_of_birth_last_modified_at, wedding_anniversary_date_last_modified_at, photo_url_last_modified_at, created_at, updated_at, is_admin, privacy_settings) VALUES ('9413e2ee-05bc-47d6-9fbe-9e6fb6b6aa52', 'Tiffany', 'Memmott', 'Tiffany Memmott', NULL, NULL, NULL, NULL, NULL, NULL, NULL, 'USA', '2001-03-14T07:00:00.000Z', 24, NULL, NULL, 'G3', NULL, FALSE, NULL, NULL, NULL, NULL, NULL, NULL, NULL, NULL, NULL, NULL, NULL, NULL, '2025-12-19T05:27:47.890Z', '2025-12-19T06:23:58.606Z', FALSE, [object Object]);
INSERT INTO persons (id, first_name, last_name, full_name, email, phone, address_line1, address_line2, city, state, postal_code, country, date_of_birth, age, wedding_anniversary_date, years_married, generation, photo_url, is_deceased, primary_household_id, last_modified_at, phone_last_modified_at, address_line1_last_modified_at, address_line2_last_modified_at, city_last_modified_at, state_last_modified_at, postal_code_last_modified_at, country_last_modified_at, date_of_birth_last_modified_at, wedding_anniversary_date_last_modified_at, photo_url_last_modified_at, created_at, updated_at, is_admin, privacy_settings) VALUES ('ad5e2197-a487-4847-9f34-7e5a2329441b', 'Malikai', 'Neuman', 'Malikai Neuman', NULL, NULL, '220 W 500 N', NULL, 'St George', 'UT', '84770', 'USA', '2017-11-09T07:00:00.000Z', 8, NULL, NULL, 'G4', NULL, FALSE, NULL, NULL, NULL, NULL, NULL, NULL, NULL, NULL, NULL, NULL, NULL, NULL, '2025-12-19T05:27:47.894Z', '2025-12-19T06:23:58.606Z', FALSE, [object Object]);
INSERT INTO persons (id, first_name, last_name, full_name, email, phone, address_line1, address_line2, city, state, postal_code, country, date_of_birth, age, wedding_anniversary_date, years_married, generation, photo_url, is_deceased, primary_household_id, last_modified_at, phone_last_modified_at, address_line1_last_modified_at, address_line2_last_modified_at, city_last_modified_at, state_last_modified_at, postal_code_last_modified_at, country_last_modified_at, date_of_birth_last_modified_at, wedding_anniversary_date_last_modified_at, photo_url_last_modified_at, created_at, updated_at, is_admin, privacy_settings) VALUES ('5cc4fa34-4098-4a17-81e7-b22605b6021a', 'Ellen', 'Crum', 'Ellen Crum', 'ellenpaige10290@gmail.com', '702-306-2946', '242 Concho Dr.', NULL, 'Henderson', 'NV', '89015', 'USA', '1990-10-02T06:00:00.000Z', 35, '2016-10-15T06:00:00.000Z', 9, 'G3', NULL, FALSE, '7ced8a0c-719d-421d-af0f-41f9aa368ddf', '2025-12-19T05:58:14.431Z', NULL, NULL, NULL, NULL, NULL, NULL, NULL, NULL, NULL, NULL, '2025-12-19T05:27:47.864Z', '2025-12-19T06:23:58.606Z', FALSE, [object Object]);
INSERT INTO persons (id, first_name, last_name, full_name, email, phone, address_line1, address_line2, city, state, postal_code, country, date_of_birth, age, wedding_anniversary_date, years_married, generation, photo_url, is_deceased, primary_household_id, last_modified_at, phone_last_modified_at, address_line1_last_modified_at, address_line2_last_modified_at, city_last_modified_at, state_last_modified_at, postal_code_last_modified_at, country_last_modified_at, date_of_birth_last_modified_at, wedding_anniversary_date_last_modified_at, photo_url_last_modified_at, created_at, updated_at, is_admin, privacy_settings) VALUES ('bfaa9e49-a6cd-4f9f-91d6-ca6b41b6013f', 'Eric', 'Crum', 'Eric Crum', 'ericcrum@yahoo.com', '907-317-2571', '242 Concho Dr.', NULL, 'Henderson', 'NV', '89015', 'USA', '1991-11-08T07:00:00.000Z', 34, '2016-10-15T06:00:00.000Z', 9, 'G3', NULL, FALSE, '7ced8a0c-719d-421d-af0f-41f9aa368ddf', '2025-12-19T05:58:14.435Z', NULL, '2025-12-19T05:58:14.435Z', '2025-12-19T05:58:14.435Z', '2025-12-19T05:58:14.435Z', '2025-12-19T05:58:14.435Z', '2025-12-19T05:58:14.435Z', '2025-12-19T05:58:14.435Z', NULL, NULL, NULL, '2025-12-19T05:27:47.870Z', '2025-12-19T06:23:58.606Z', FALSE, [object Object]);
INSERT INTO persons (id, first_name, last_name, full_name, email, phone, address_line1, address_line2, city, state, postal_code, country, date_of_birth, age, wedding_anniversary_date, years_married, generation, photo_url, is_deceased, primary_household_id, last_modified_at, phone_last_modified_at, address_line1_last_modified_at, address_line2_last_modified_at, city_last_modified_at, state_last_modified_at, postal_code_last_modified_at, country_last_modified_at, date_of_birth_last_modified_at, wedding_anniversary_date_last_modified_at, photo_url_last_modified_at, created_at, updated_at, is_admin, privacy_settings) VALUES ('6b6113a9-011a-4888-97f0-5f8a3d39c0e4', 'Maverick', 'Crum', 'Maverick Crum', NULL, NULL, '242 Concho Dr.', NULL, 'Henderson', 'NV', '89015', 'USA', '2018-11-21T07:00:00.000Z', 7, NULL, NULL, 'G4', NULL, FALSE, '7ced8a0c-719d-421d-af0f-41f9aa368ddf', '2025-12-19T05:58:14.436Z', NULL, '2025-12-19T05:58:14.436Z', '2025-12-19T05:58:14.436Z', '2025-12-19T05:58:14.436Z', '2025-12-19T05:58:14.436Z', '2025-12-19T05:58:14.436Z', '2025-12-19T05:58:14.436Z', NULL, NULL, NULL, '2025-12-19T05:27:47.895Z', '2025-12-19T06:23:58.606Z', FALSE, [object Object]);
INSERT INTO persons (id, first_name, last_name, full_name, email, phone, address_line1, address_line2, city, state, postal_code, country, date_of_birth, age, wedding_anniversary_date, years_married, generation, photo_url, is_deceased, primary_household_id, last_modified_at, phone_last_modified_at, address_line1_last_modified_at, address_line2_last_modified_at, city_last_modified_at, state_last_modified_at, postal_code_last_modified_at, country_last_modified_at, date_of_birth_last_modified_at, wedding_anniversary_date_last_modified_at, photo_url_last_modified_at, created_at, updated_at, is_admin, privacy_settings) VALUES ('92f0b190-2d04-405e-aa11-7d83c93a0e90', 'Wesley', 'Crum', 'Wesley Crum', NULL, NULL, '242 Concho Dr.', NULL, 'Henderson', 'NV', '89015', 'USA', '2021-09-15T06:00:00.000Z', 4, NULL, NULL, 'G4', NULL, FALSE, '7ced8a0c-719d-421d-af0f-41f9aa368ddf', '2025-12-19T05:58:14.437Z', NULL, '2025-12-19T05:58:14.437Z', '2025-12-19T05:58:14.437Z', '2025-12-19T05:58:14.437Z', '2025-12-19T05:58:14.437Z', '2025-12-19T05:58:14.437Z', '2025-12-19T05:58:14.437Z', NULL, NULL, NULL, '2025-12-19T05:27:47.904Z', '2025-12-19T06:23:58.606Z', FALSE, [object Object]);
INSERT INTO persons (id, first_name, last_name, full_name, email, phone, address_line1, address_line2, city, state, postal_code, country, date_of_birth, age, wedding_anniversary_date, years_married, generation, photo_url, is_deceased, primary_household_id, last_modified_at, phone_last_modified_at, address_line1_last_modified_at, address_line2_last_modified_at, city_last_modified_at, state_last_modified_at, postal_code_last_modified_at, country_last_modified_at, date_of_birth_last_modified_at, wedding_anniversary_date_last_modified_at, photo_url_last_modified_at, created_at, updated_at, is_admin, privacy_settings) VALUES ('b73ae325-3ad8-4293-8737-fd644bd602a8', 'Damian', 'Gurule', 'Damian Gurule', NULL, NULL, '2115 Sunset Vista Ave.', NULL, 'Henderson', 'NV', '89052', 'USA', '1994-09-24T06:00:00.000Z', 31, NULL, NULL, 'G4', NULL, FALSE, '2a9f5658-bcdd-4de6-9361-d55b751d1951', '2025-12-19T05:58:50.893Z', NULL, '2025-12-19T05:58:50.893Z', '2025-12-19T05:58:50.893Z', '2025-12-19T05:58:50.893Z', '2025-12-19T05:58:50.893Z', '2025-12-19T05:58:50.893Z', '2025-12-19T05:58:50.893Z', NULL, NULL, NULL, '2025-12-19T05:27:47.901Z', '2025-12-19T06:23:58.606Z', FALSE, [object Object]);
INSERT INTO persons (id, first_name, last_name, full_name, email, phone, address_line1, address_line2, city, state, postal_code, country, date_of_birth, age, wedding_anniversary_date, years_married, generation, photo_url, is_deceased, primary_household_id, last_modified_at, phone_last_modified_at, address_line1_last_modified_at, address_line2_last_modified_at, city_last_modified_at, state_last_modified_at, postal_code_last_modified_at, country_last_modified_at, date_of_birth_last_modified_at, wedding_anniversary_date_last_modified_at, photo_url_last_modified_at, created_at, updated_at, is_admin, privacy_settings) VALUES ('001fe39a-8557-4559-b432-8f84cf278915', 'Macy', 'Gurule', 'Macy Gurule', NULL, NULL, '2115 Sunset Vista Ave.', NULL, 'Henderson', 'NV', '89052', 'USA', '2024-05-10T06:00:00.000Z', 1, NULL, NULL, 'G4', NULL, FALSE, '2a9f5658-bcdd-4de6-9361-d55b751d1951', '2025-12-19T05:58:50.894Z', NULL, '2025-12-19T05:58:50.894Z', '2025-12-19T05:58:50.894Z', '2025-12-19T05:58:50.894Z', '2025-12-19T05:58:50.894Z', '2025-12-19T05:58:50.894Z', '2025-12-19T05:58:50.894Z', NULL, NULL, NULL, '2025-12-19T05:27:47.907Z', '2025-12-19T06:23:58.606Z', FALSE, [object Object]);
INSERT INTO persons (id, first_name, last_name, full_name, email, phone, address_line1, address_line2, city, state, postal_code, country, date_of_birth, age, wedding_anniversary_date, years_married, generation, photo_url, is_deceased, primary_household_id, last_modified_at, phone_last_modified_at, address_line1_last_modified_at, address_line2_last_modified_at, city_last_modified_at, state_last_modified_at, postal_code_last_modified_at, country_last_modified_at, date_of_birth_last_modified_at, wedding_anniversary_date_last_modified_at, photo_url_last_modified_at, created_at, updated_at, is_admin, privacy_settings) VALUES ('85cf0d6e-44e2-4711-8e4a-5c1c350697d3', 'Blake', 'Gurule', 'Blake Gurule', NULL, NULL, '2115 Sunset Vista Ave.', NULL, 'Henderson', 'NV', '89052', 'USA', '2021-11-06T06:00:00.000Z', 4, NULL, NULL, 'G4', NULL, FALSE, '2a9f5658-bcdd-4de6-9361-d55b751d1951', '2025-12-19T06:00:24.526Z', NULL, '2025-12-19T05:58:50.892Z', '2025-12-19T05:58:50.892Z', '2025-12-19T05:58:50.892Z', '2025-12-19T05:58:50.892Z', '2025-12-19T05:58:50.892Z', '2025-12-19T05:58:50.892Z', NULL, NULL, NULL, '2025-12-19T05:27:47.906Z', '2025-12-19T06:23:58.606Z', FALSE, [object Object]);
INSERT INTO persons (id, first_name, last_name, full_name, email, phone, address_line1, address_line2, city, state, postal_code, country, date_of_birth, age, wedding_anniversary_date, years_married, generation, photo_url, is_deceased, primary_household_id, last_modified_at, phone_last_modified_at, address_line1_last_modified_at, address_line2_last_modified_at, city_last_modified_at, state_last_modified_at, postal_code_last_modified_at, country_last_modified_at, date_of_birth_last_modified_at, wedding_anniversary_date_last_modified_at, photo_url_last_modified_at, created_at, updated_at, is_admin, privacy_settings) VALUES ('013ab525-f628-4ef5-92d6-d7fcd05d7cb5', 'Amy', 'Gurule', 'Amy Gurule', 'amyestelle1234@yahoo.com', '702-306-2464', '2115 Sunset Vista Ave.', NULL, 'Henderson', 'NV', '89052', 'USA', '1993-09-04T06:00:00.000Z', 32, '2020-06-04T06:00:00.000Z', 5, 'G3', '', FALSE, '2a9f5658-bcdd-4de6-9361-d55b751d1951', '2025-12-19T06:00:41.184Z', '2025-12-19T05:59:02.164Z', '2025-12-19T06:00:24.527Z', '2025-12-19T06:00:24.527Z', '2025-12-19T06:00:24.527Z', '2025-12-19T06:00:24.527Z', '2025-12-19T06:00:24.527Z', '2025-12-19T06:00:24.527Z', '2025-12-19T05:59:02.164Z', '2025-12-19T05:59:02.164Z', '2025-12-19T05:59:02.164Z', '2025-12-19T05:27:47.878Z', '2025-12-19T06:23:58.606Z', FALSE, [object Object]);
INSERT INTO persons (id, first_name, last_name, full_name, email, phone, address_line1, address_line2, city, state, postal_code, country, date_of_birth, age, wedding_anniversary_date, years_married, generation, photo_url, is_deceased, primary_household_id, last_modified_at, phone_last_modified_at, address_line1_last_modified_at, address_line2_last_modified_at, city_last_modified_at, state_last_modified_at, postal_code_last_modified_at, country_last_modified_at, date_of_birth_last_modified_at, wedding_anniversary_date_last_modified_at, photo_url_last_modified_at, created_at, updated_at, is_admin, privacy_settings) VALUES ('37873113-7598-44c8-9057-10f81514ddc7', 'Kate', 'Klein', 'Kate Klein', 'kateelaineh@gmail.com', '702-449-3052', '236 Tonalea Ave.', NULL, 'Henderson', 'NV', '89015', 'USA', '1997-01-20T07:00:00.000Z', 28, '2018-04-14T06:00:00.000Z', 7, 'G3', NULL, FALSE, '5f2bce74-057b-4e8b-a6c5-646d574d5fd2', '2025-12-19T21:57:22.888Z', NULL, NULL, NULL, NULL, NULL, NULL, NULL, NULL, NULL, NULL, '2025-12-19T05:27:47.888Z', '2025-12-19T21:57:22.889Z', FALSE, [object Object]);
INSERT INTO persons (id, first_name, last_name, full_name, email, phone, address_line1, address_line2, city, state, postal_code, country, date_of_birth, age, wedding_anniversary_date, years_married, generation, photo_url, is_deceased, primary_household_id, last_modified_at, phone_last_modified_at, address_line1_last_modified_at, address_line2_last_modified_at, city_last_modified_at, state_last_modified_at, postal_code_last_modified_at, country_last_modified_at, date_of_birth_last_modified_at, wedding_anniversary_date_last_modified_at, photo_url_last_modified_at, created_at, updated_at, is_admin, privacy_settings) VALUES ('18279ddf-31b5-458a-bab6-4de711c373dd', 'Joseph', 'Neuman', 'Joseph Neuman', 'Joe@GiddyDigs.com', '435-767-1597', '220 W 500 N', NULL, 'St George', 'UT', '84770', 'USA', '1966-10-08T06:00:00.000Z', 59, '2012-09-07T06:00:00.000Z', 13, 'G2', NULL, FALSE, 'b127264b-b889-48cc-995a-07d46a3c1843', '2025-12-19T18:24:42.804Z', NULL, NULL, NULL, NULL, NULL, NULL, NULL, NULL, NULL, NULL, '2025-12-19T05:27:47.853Z', '2025-12-19T18:24:42.805Z', TRUE, [object Object]);
INSERT INTO persons (id, first_name, last_name, full_name, email, phone, address_line1, address_line2, city, state, postal_code, country, date_of_birth, age, wedding_anniversary_date, years_married, generation, photo_url, is_deceased, primary_household_id, last_modified_at, phone_last_modified_at, address_line1_last_modified_at, address_line2_last_modified_at, city_last_modified_at, state_last_modified_at, postal_code_last_modified_at, country_last_modified_at, date_of_birth_last_modified_at, wedding_anniversary_date_last_modified_at, photo_url_last_modified_at, created_at, updated_at, is_admin, privacy_settings) VALUES ('25118839-675f-4c41-9896-8b2d9f185857', 'Levi', 'Neuman', 'Levi Neuman', 'LeviRNeuman@Gmail.com', NULL, '220 W 500 N', NULL, 'St George', 'UT', '84770', 'USA', '2015-04-06T06:00:00.000Z', 10, NULL, NULL, 'G3', NULL, FALSE, 'b127264b-b889-48cc-995a-07d46a3c1843', '2025-12-19T18:24:42.808Z', NULL, '2025-12-19T18:24:42.808Z', '2025-12-19T18:24:42.808Z', '2025-12-19T18:24:42.808Z', '2025-12-19T18:24:42.808Z', '2025-12-19T18:24:42.808Z', '2025-12-19T18:24:42.808Z', NULL, NULL, NULL, '2025-12-19T05:27:47.892Z', '2025-12-19T18:24:42.809Z', FALSE, [object Object]);
INSERT INTO persons (id, first_name, last_name, full_name, email, phone, address_line1, address_line2, city, state, postal_code, country, date_of_birth, age, wedding_anniversary_date, years_married, generation, photo_url, is_deceased, primary_household_id, last_modified_at, phone_last_modified_at, address_line1_last_modified_at, address_line2_last_modified_at, city_last_modified_at, state_last_modified_at, postal_code_last_modified_at, country_last_modified_at, date_of_birth_last_modified_at, wedding_anniversary_date_last_modified_at, photo_url_last_modified_at, created_at, updated_at, is_admin, privacy_settings) VALUES ('8d319e05-64ae-459e-82a9-c67caac9459c', 'Darin', 'Klein', 'Darin Klein', 'dadizeaz@yahoo.com', '702-449-3670', '236 Tonalea Ave.', NULL, 'Henderson', 'NV', '89015', 'USA', '1995-04-01T07:00:00.000Z', 30, '2018-04-14T06:00:00.000Z', 7, 'G3', NULL, FALSE, '5f2bce74-057b-4e8b-a6c5-646d574d5fd2', '2025-12-19T21:57:22.892Z', NULL, '2025-12-19T21:57:22.892Z', '2025-12-19T21:57:22.892Z', '2025-12-19T21:57:22.892Z', '2025-12-19T21:57:22.892Z', '2025-12-19T21:57:22.892Z', '2025-12-19T21:57:22.892Z', NULL, NULL, NULL, '2025-12-19T05:27:47.884Z', '2025-12-19T21:57:22.893Z', FALSE, [object Object]);
INSERT INTO persons (id, first_name, last_name, full_name, email, phone, address_line1, address_line2, city, state, postal_code, country, date_of_birth, age, wedding_anniversary_date, years_married, generation, photo_url, is_deceased, primary_household_id, last_modified_at, phone_last_modified_at, address_line1_last_modified_at, address_line2_last_modified_at, city_last_modified_at, state_last_modified_at, postal_code_last_modified_at, country_last_modified_at, date_of_birth_last_modified_at, wedding_anniversary_date_last_modified_at, photo_url_last_modified_at, created_at, updated_at, is_admin, privacy_settings) VALUES ('94f63fe7-78b3-4380-9edc-c7a33cb122f7', 'Eric', 'Neuman', 'Eric Neuman', 'neuman360@gmail.com', '702-376-2212', '248 Tonalea Ave.', NULL, 'Henderson', 'NV', '89015', 'USA', '1992-12-08T07:00:00.000Z', 33, NULL, NULL, 'G3', NULL, FALSE, 'a27a14ea-13cd-4eb6-9ddc-b15609e025bf', '2025-12-19T22:01:27.705Z', NULL, '2025-12-19T22:01:27.705Z', '2025-12-19T22:01:27.705Z', '2025-12-19T22:01:27.705Z', '2025-12-19T22:01:27.705Z', '2025-12-19T22:01:27.705Z', '2025-12-19T22:01:27.705Z', NULL, NULL, NULL, '2025-12-19T05:27:47.874Z', '2025-12-19T22:01:27.706Z', FALSE, [object Object]);
INSERT INTO persons (id, first_name, last_name, full_name, email, phone, address_line1, address_line2, city, state, postal_code, country, date_of_birth, age, wedding_anniversary_date, years_married, generation, photo_url, is_deceased, primary_household_id, last_modified_at, phone_last_modified_at, address_line1_last_modified_at, address_line2_last_modified_at, city_last_modified_at, state_last_modified_at, postal_code_last_modified_at, country_last_modified_at, date_of_birth_last_modified_at, wedding_anniversary_date_last_modified_at, photo_url_last_modified_at, created_at, updated_at, is_admin, privacy_settings) VALUES ('1f7d9b34-af29-499a-ba83-25db39055a66', 'Terre', 'Collins', 'Terre Collins', 'terreneuman@gmail.com', '702-497-2454', '240 Concho Dr.', '', 'Henderson', 'NV', '89015', 'USA', '1948-09-22T07:00:00.000Z', 77, '2015-01-17T07:00:00.000Z', 10, 'G1', '/uploads/467187014_10231000484008796_4747841269469080717_n-1766154664834-646251956.jpg', FALSE, 'ef27358c-ea85-49d7-9492-baa30ba935c9', '2025-12-19T19:48:41.006Z', '2025-12-19T16:10:34.456Z', '2025-12-19T16:10:34.456Z', '2025-12-19T16:10:34.456Z', '2025-12-19T16:10:34.456Z', '2025-12-19T16:10:34.456Z', '2025-12-19T16:10:34.456Z', '2025-12-19T16:10:34.456Z', '2025-12-19T16:10:34.456Z', '2025-12-19T16:10:34.456Z', '2025-12-19T16:10:34.456Z', '2025-12-19T05:27:47.845Z', '2025-12-19T19:48:41.007Z', FALSE, [object Object]);
INSERT INTO persons (id, first_name, last_name, full_name, email, phone, address_line1, address_line2, city, state, postal_code, country, date_of_birth, age, wedding_anniversary_date, years_married, generation, photo_url, is_deceased, primary_household_id, last_modified_at, phone_last_modified_at, address_line1_last_modified_at, address_line2_last_modified_at, city_last_modified_at, state_last_modified_at, postal_code_last_modified_at, country_last_modified_at, date_of_birth_last_modified_at, wedding_anniversary_date_last_modified_at, photo_url_last_modified_at, created_at, updated_at, is_admin, privacy_settings) VALUES ('9b8d67c7-6939-4b37-81aa-c2d301ee619f', 'Nick', 'Neuman', 'Nick Neuman', 'purplenick16@gmail.com', '702-465-9879', '248 Tonalea Ave.', NULL, 'Henderson', 'NV', '89015', 'USA', '1994-08-01T06:00:00.000Z', 31, NULL, NULL, 'G3', NULL, FALSE, 'a27a14ea-13cd-4eb6-9ddc-b15609e025bf', '2025-12-19T22:01:27.706Z', NULL, '2025-12-19T22:01:27.706Z', '2025-12-19T22:01:27.706Z', '2025-12-19T22:01:27.706Z', '2025-12-19T22:01:27.706Z', '2025-12-19T22:01:27.706Z', '2025-12-19T22:01:27.706Z', NULL, NULL, NULL, '2025-12-19T05:27:47.880Z', '2025-12-19T22:01:27.707Z', FALSE, [object Object]);

-- Data for table: households
TRUNCATE TABLE households CASCADE;

INSERT INTO households (id, name, primary_contact_person_id, notes, created_at, updated_at) VALUES ('7ced8a0c-719d-421d-af0f-41f9aa368ddf', 'Ellen Crum Household', '5cc4fa34-4098-4a17-81e7-b22605b6021a', NULL, '2025-12-19T05:58:14.426Z', '2025-12-19T05:58:14.426Z');
INSERT INTO households (id, name, primary_contact_person_id, notes, created_at, updated_at) VALUES ('2a9f5658-bcdd-4de6-9361-d55b751d1951', 'Amy Gurule Household', '013ab525-f628-4ef5-92d6-d7fcd05d7cb5', NULL, '2025-12-19T05:58:50.882Z', '2025-12-19T06:00:41.181Z');
INSERT INTO households (id, name, primary_contact_person_id, notes, created_at, updated_at) VALUES ('7cecddde-dc34-4311-a550-75b9a9550988', 'Donna Hollingsworth Household', '5614f17d-9ae9-4b1f-a66b-12b16d694874', NULL, '2025-12-19T14:01:48.428Z', '2025-12-19T14:01:48.428Z');
INSERT INTO households (id, name, primary_contact_person_id, notes, created_at, updated_at) VALUES ('e151253c-f848-419f-8c4b-6d4aa4cdd1ef', 'David Neuman Household', '9b257b84-94a0-427d-8265-200255c1a1fb', NULL, '2025-12-19T14:07:45.816Z', '2025-12-19T14:07:45.816Z');
INSERT INTO households (id, name, primary_contact_person_id, notes, created_at, updated_at) VALUES ('b127264b-b889-48cc-995a-07d46a3c1843', 'Joseph Neuman Household', '18279ddf-31b5-458a-bab6-4de711c373dd', NULL, '2025-12-19T18:24:42.798Z', '2025-12-19T18:24:42.798Z');
INSERT INTO households (id, name, primary_contact_person_id, notes, created_at, updated_at) VALUES ('ef27358c-ea85-49d7-9492-baa30ba935c9', 'Terre Collins Household', '1f7d9b34-af29-499a-ba83-25db39055a66', NULL, '2025-12-19T05:43:01.855Z', '2025-12-19T19:48:41.003Z');
INSERT INTO households (id, name, primary_contact_person_id, notes, created_at, updated_at) VALUES ('5f2bce74-057b-4e8b-a6c5-646d574d5fd2', 'Kate Klein Household', '37873113-7598-44c8-9057-10f81514ddc7', NULL, '2025-12-19T21:26:53.282Z', '2025-12-19T21:57:22.885Z');
INSERT INTO households (id, name, primary_contact_person_id, notes, created_at, updated_at) VALUES ('a27a14ea-13cd-4eb6-9ddc-b15609e025bf', 'Tom Neuman Household', 'f73109d0-ad7a-4dc8-99aa-dfb6cd27ce22', NULL, '2025-12-19T22:01:27.695Z', '2025-12-19T22:01:27.695Z');
INSERT INTO households (id, name, primary_contact_person_id, notes, created_at, updated_at) VALUES ('6b423d57-d220-4a73-859b-554e088817f3', 'Alexsis Neuman Household', '94ed9f49-db52-4edc-a7ce-0bd6bd5fd0d8', NULL, '2025-12-19T22:05:49.342Z', '2025-12-19T22:17:12.922Z');
INSERT INTO households (id, name, primary_contact_person_id, notes, created_at, updated_at) VALUES ('ab9ad735-ff53-4e8e-9648-96093ae72c70', 'Carla Neuman Household', '15da8920-5afa-495f-b090-8e0a4b4e64e1', NULL, '2025-12-19T22:02:12.032Z', '2025-12-19T22:24:10.400Z');

-- Data for table: marital_relationships
TRUNCATE TABLE marital_relationships CASCADE;

INSERT INTO marital_relationships (id, person_a_id, person_b_id, marriage_date, divorce_date, created_at, updated_at) VALUES ('e1e3074f-0cb2-4795-80c1-5eaf05577e45', '0c8ef2ca-55d3-49f6-ba61-cbdc1780b8ec', '1f7d9b34-af29-499a-ba83-25db39055a66', NULL, NULL, '2025-12-19T18:32:55.968Z', '2025-12-19T19:48:41.253Z');
INSERT INTO marital_relationships (id, person_a_id, person_b_id, marriage_date, divorce_date, created_at, updated_at) VALUES ('e1544168-fff4-445a-94da-4e9a79fffc33', '37873113-7598-44c8-9057-10f81514ddc7', '8d319e05-64ae-459e-82a9-c67caac9459c', NULL, NULL, '2025-12-19T21:26:53.330Z', '2025-12-19T21:57:23.224Z');

-- Data for table: user_preferences
TRUNCATE TABLE user_preferences CASCADE;

INSERT INTO user_preferences (id, user_id, preference_key, preference_value, created_at, updated_at) VALUES ('f0a05c47-d78d-498f-b84e-d5df940c41bc', '18279ddf-31b5-458a-bab6-4de711c373dd', 'directoryDisplayFilters_next_event', '{"photo":true,"email":false,"phone":false,"address":true,"generation":false,"age":true,"birthday":true,"anniversary":true,"years_married":true,"location":false}', '2025-12-19T18:12:03.471Z', '2025-12-19T19:52:20.141Z');
INSERT INTO user_preferences (id, user_id, preference_key, preference_value, created_at, updated_at) VALUES ('fc02cc12-defb-4f89-a6f2-c8f3f3c4bf56', '18279ddf-31b5-458a-bab6-4de711c373dd', 'directoryDisplayFilters_household', '{"photo":true,"email":true,"phone":true,"address":true,"generation":false,"age":true,"birthday":false,"anniversary":false,"years_married":true,"household_name":false,"location":false}', '2025-12-19T16:10:42.371Z', '2025-12-19T21:47:57.729Z');
INSERT INTO user_preferences (id, user_id, preference_key, preference_value, created_at, updated_at) VALUES ('2aaea085-e2c3-405c-9fd9-accda1b47d82', '18279ddf-31b5-458a-bab6-4de711c373dd', 'directoryDisplayFilters_age_asc', '{"photo":true,"email":true,"phone":true,"address":false,"generation":false,"age":true,"birthday":true,"anniversary":false,"years_married":false,"household_name":true,"location":false}', '2025-12-19T14:03:02.035Z', '2025-12-19T21:52:55.442Z');
INSERT INTO user_preferences (id, user_id, preference_key, preference_value, created_at, updated_at) VALUES ('16d96427-959d-43e6-91ea-3193cbae5724', '37873113-7598-44c8-9057-10f81514ddc7', 'directoryDisplayFilters_next_event', '{"photo":true,"email":true,"phone":true,"address":true,"generation":true,"age":true,"birthday":true,"anniversary":true,"years_married":false,"household_name":true}', '2025-12-19T21:54:45.951Z', '2025-12-19T21:54:45.951Z');
INSERT INTO user_preferences (id, user_id, preference_key, preference_value, created_at, updated_at) VALUES ('ac2f5106-f1e3-4052-840f-aa8822a8b811', '37873113-7598-44c8-9057-10f81514ddc7', 'directoryDisplayFilters_household', '{"photo":true,"email":true,"phone":true,"address":true,"generation":true,"age":true,"birthday":true,"anniversary":true,"years_married":false,"household_name":false}', '2025-12-19T21:54:27.343Z', '2025-12-19T21:58:10.731Z');

